price,address,link
"$2,300","Regina Towers, 805 Leavenworth St, San Francisco, CA 94109",https://www.zillow.com/apartments/san-francisco-ca/regina-towers/5Xk3sd/
"$2,495","1350 Washington Street, 1350 Washington St, San Francisco, CA 94109",https://www.zillow.com/homedetails/1350-Washington-St-2F4ABD3CC-San-Francisco-CA-94109/347211126_zpid/
"$2,690","3711 19th Ave, San Francisco, CA",https://www.zillow.com/apartments/san-francisco-ca/parkmerced/5XjKHx/
"$2,745","540 Leavenworth Street, 540 Leavenworth St APT 501, San Francisco, CA 94109",https://www.zillow.com/apartments/san-francisco-ca/540-leavenworth-street/5XjXt8/
"$2,195","685 Geary Street, 685 Geary St #102, San Francisco, CA 94102",https://www.zillow.com/apartments/san-francisco-ca/685-geary-street/5Xjwk6/
"$2,995","Terra Vista Apartments, 22 Terra Vista Ave, San Francisco, CA 94115",https://www.zillow.com/apartments/san-francisco-ca/terra-vista-apartments/5XjRrp/
"$2,845","1520 Gough Street, 1520 Gough St APT 206, San Francisco, CA 94109",https://www.zillow.com/apartments/san-francisco-ca/1520-gough-street/5XjXtC/
"$2,795","480 Potrero Ave, 480 Potrero Ave #202, San Francisco, CA 94110",https://www.zillow.com/apartments/san-francisco-ca/480-potrero-ave/5mY4JQ/
"$2,810","NorthPoint Apartments, 2211 Stockton St, San Francisco, CA 94133",https://www.zillow.com/apartments/san-francisco-ca/northpoint-apartments/5XjLPJ/
"$2,400","Lofts at Seven, 277 Golden Gate Ave, San Francisco, CA 94102",https://www.zillow.com/homedetails/277-Golden-Gate-Ave-B3BE3516D-San-Francisco-CA-94102/2061144511_zpid/
"$2,145","930 Sutter St, San Francisco, CA",https://www.zillow.com/apartments/san-francisco-ca/930-sutter-street/5XjKQL/
"$2,846","1532 Harrison St, San Francisco, CA",https://www.zillow.com/apartments/san-francisco-ca/hq/9NJthZ/
"$2,775","The Quinn, 345 8th St #405, San Francisco, CA 94103",https://www.zillow.com/apartments/san-francisco-ca/the-quinn/BshPbr/
"$2,995","645 Stockton Street, 645 Stockton St APT 603, San Francisco, CA 94108",https://www.zillow.com/apartments/san-francisco-ca/655-stockton-street/5XjZZb/
"$2,695","480 Warren Dr, San Francisco, CA",https://www.zillow.com/apartments/san-francisco-ca/mt.-sutro/5XjVRC/
"$2,875","1830 Alemany, 1830 Alemany Blvd #304, San Francisco, CA 94112",https://www.zillow.com/apartments/san-francisco-ca/1830-alemany/Brypmv/
"$2,895","780 Post Street, 780 Post St, San Francisco, CA 94109",https://www.zillow.com/apartments/san-francisco-ca/780-post-street/5XjKSw/
"$2,902","923 Folsom, 923 Folsom St #306, San Francisco, CA 94107",https://www.zillow.com/apartments/san-francisco-ca/923-folsom/5Yy6Np/
"$2,995","1260 Broadway Street, 1260 Broadway St #104, San Francisco, CA 94109",https://www.zillow.com/apartments/san-francisco-ca/1260-broadway-street/BS5Nbf/
"$2,100","Frontenac Apartments, 500 Hyde St, San Francisco, CA 94109",https://www.zillow.com/apartments/san-francisco-ca/frontenac-apartments/5XjScF/
"$2,450","Primo Segundo NV, 972 Bush St APT 34, San Francisco, CA 94109",https://www.zillow.com/apartments/san-francisco-ca/primo-segundo-nv/5YDLqK/
"$2,399","1346 Pine St, 1346 Pine St, San Francisco, CA 94109",https://www.zillow.com/apartments/san-francisco-ca/1346-pine-st/5j4DFn/
"$2,700","973 Market St, San Francisco, CA",https://www.zillow.com/apartments/san-francisco-ca/the-wilson/5gKCZ8/
"$2,795","Slate Residences, 911 Bryant St #302, San Francisco, CA 94103",https://www.zillow.com/apartments/san-francisco-ca/slate-residences/9NJxjf/
"$2,095","828 Franklin St, San Francisco, CA",https://www.zillow.com/apartments/san-francisco-ca/828-franklin/5XkH2V/
"$2,777","1 Saint Francis Pl, San Francisco, CA",https://www.zillow.com/apartments/san-francisco-ca/soma-square/5Xj2Yr/
"$2,295","555 Ofarrell Street, 555 Ofarrell St, San Francisco, CA 94102",https://www.zillow.com/apartments/san-francisco-ca/555-ofarrell-street/5XjKSv/
"$2,395","155 Haight, 155 Haight St, San Francisco, CA 94102",https://www.zillow.com/apartments/san-francisco-ca/155-haight/5YDGPc/
"$2,895","1633 Washington Street, 1633 Washington St #1633C, San Francisco, CA 94109",https://www.zillow.com/apartments/san-francisco-ca/1633-washington-street/9NKFbH/
"$2,610","24 Franklin St, San Francisco, CA",https://www.zillow.com/apartments/san-francisco-ca/24-franklin/9NJqFL/
"$2,995","The Lofts at One Powell, 10 Cyril Magnin St UNIT 706, San Francisco, CA 94102",https://www.zillow.com/apartments/san-francisco-ca/the-lofts-at-one-powell/5Xj94m/
"$2,815","655 Powell, 655 Powell St APT 608, San Francisco, CA 94108",https://www.zillow.com/apartments/san-francisco-ca/655-powell/5XpSD3/
"$1,745","825 Post St, San Francisco, CA",https://www.zillow.com/apartments/san-francisco-ca/825-post-st./5XjSHY/
"$2,500","Pine Street Terrace LP, 1035 Pine St APT 602, San Francisco, CA 94109",https://www.zillow.com/apartments/san-francisco-ca/pine-street-terrace-lp/5XsQ49/
"$2,799","2000 Post St, San Francisco, CA",https://www.zillow.com/apartments/san-francisco-ca/2000-post/5XjRNn/
"$1,795","750 Ofarrell St, San Francisco, CA",https://www.zillow.com/apartments/san-francisco-ca/750-o'farrell-st/5YXpvZ/
"$2,150","925 Sutter St., 925 Sutter St APT 205, San Francisco, CA 94109",https://www.zillow.com/apartments/san-francisco-ca/925-sutter-st./5j4DZV/
"$2,395","The Sutherland, 915 Minna St #3, San Francisco, CA 94103",https://www.zillow.com/apartments/san-francisco-ca/the-sutherland/9NJxjr/
"$2,395","1350 Pine Street, 1350 Pine St APT 307, San Francisco, CA 94109",https://www.zillow.com/apartments/san-francisco-ca/1350-pine-street/CjbVSQ/
"$2,295","995 Pine St, San Francisco, CA",https://www.zillow.com/apartments/san-francisco-ca/995-pine-st/9NKBVj/
"$2,675","1035 Sutter St, San Francisco, CA",https://www.zillow.com/apartments/san-francisco-ca/1035-sutter/5ZzQ45/
"$2,545","1130 Larkin St, San Francisco, CA",https://www.zillow.com/apartments/san-francisco-ca/1130-larkin/5ZP759/
"$2,845","1225 Taylor, 1225 Taylor St APT 205, San Francisco, CA 94108",https://www.zillow.com/apartments/san-francisco-ca/1225-taylor/5YDfcd/
"$2,600","Warrington Apartments, 775 Post St, San Francisco, CA 94109",https://www.zillow.com/apartments/san-francisco-ca/warrington-apartments/5XjTdj/
"$2,545","1030-1042 Polk St, San Francisco, CA",https://www.zillow.com/apartments/san-francisco-ca/1030-1042-polk/9kBQ9z/
"$2,695","96 Crestline, 96 Crestline Dr #3, San Francisco, CA 94131",https://www.zillow.com/apartments/san-francisco-ca/96-crestline/9NLtPK/
"$2,341","737 Post St, San Francisco, CA",https://www.zillow.com/apartments/san-francisco-ca/tower-737-condominium-rentals/5XjyDr/
"$2,195","275 Turk St, San Francisco, CA",https://www.zillow.com/apartments/san-francisco-ca/275-turk-st/5Xmfjr/
"$2,695","30 Dore St, San Francisco, CA",https://www.zillow.com/apartments/san-francisco-ca/glasdore-lofts/5XkSTJ/
"$2,314","1188 Mission St, San Francisco, CA",https://www.zillow.com/apartments/san-francisco-ca/1188-mission-at-trinity-place/5XjN4q/
"$2,275","781 O'Farrell, 781 Ofarrell St APT 505, San Francisco, CA 94109",https://www.zillow.com/apartments/san-francisco-ca/781-o'farrell/ChVYX6/
"$2,195","618 Bush St, 618 Bush St #33, San Francisco, CA 94108",https://www.zillow.com/apartments/san-francisco-ca/618-bush-st/5j4BVV/
"$2,695","1850 Sacramento Street, 1850 Sacramento St APT 204, San Francisco, CA 94109",https://www.zillow.com/apartments/san-francisco-ca/1850-sacramento-street/5j4DPX/
"$2,100","Crosby Apartments, 940 Post St APT 21, San Francisco, CA 94109",https://www.zillow.com/apartments/san-francisco-ca/crosby-apartments/5XrNJc/
"$1,995","650 Ellis, 650 Ellis St APT 20, San Francisco, CA 94109",https://www.zillow.com/apartments/san-francisco-ca/650-ellis/5YDHyN/
"$2,600","1105 Bush Street, 1105 Bush St APT 207, San Francisco, CA 94109",https://www.zillow.com/apartments/san-francisco-ca/1105-bush-street/5dR35m/
"$2,738","1390 Market St, San Francisco, CA",https://www.zillow.com/apartments/san-francisco-ca/fox-plaza/5Xj2b8/
"$2,900","4350 Kirkham Street, 4350 Kirkham St #201, San Francisco, CA 94122",https://www.zillow.com/apartments/san-francisco-ca/4350-kirkham-street/5Z9q9L/
"$2,965","2619 Mission, 2619 Mission St #1, San Francisco, CA 94110",https://www.zillow.com/apartments/san-francisco-ca/2619-mission/9VnHgJ/
"$2,545","1201 Sutter St, San Francisco, CA",https://www.zillow.com/apartments/san-francisco-ca/oran/ChPXHT/
"$2,995","969 Bush St, San Francisco, CA",https://www.zillow.com/apartments/san-francisco-ca/969-bush/5ZpBxg/
"$2,600","HAMPTON COURT APTS, 378 Golden Gate Ave, San Francisco, CA 94102",https://www.zillow.com/apartments/san-francisco-ca/hampton-court-apts/5d8dBW/
"$2,782","33 8th St, San Francisco, CA",https://www.zillow.com/apartments/san-francisco-ca/33-8th-at-trinity-place/CgrBS6/
"$2,940","77 Bruton St, San Francisco, CA",https://www.zillow.com/apartments/san-francisco-ca/hawkins/CgL5mf/
"$2,115","516 Ellis, 516 Ellis St APT 404, San Francisco, CA 94109",https://www.zillow.com/apartments/san-francisco-ca/516-ellis/ChVXjd/
"$2,249","1190 Mission St, San Francisco, CA",https://www.zillow.com/apartments/san-francisco-ca/1190-mission-at-trinity-place/5XjVtb/
"$2,735","1222 Harrison St, San Francisco, CA",https://www.zillow.com/apartments/san-francisco-ca/l-seven/9NJtD7/
"$2,704","AVA 55 Ninth, 55 9th St, San Francisco, CA 94103",https://www.zillow.com/apartments/san-francisco-ca/ava-55-ninth/5XkH8X/
"$2,485","965 Sutter St, San Francisco, CA",https://www.zillow.com/apartments/san-francisco-ca/ava-nob-hill/5XkHq6/
"$2,541","1177 Market St, San Francisco, CA",https://www.zillow.com/apartments/san-francisco-ca/1177-market-at-trinity-place/Ch4m2W/
"$2,557","50 Jones St, San Francisco, CA",https://www.zillow.com/apartments/san-francisco-ca/50-jones/CgGvRP/
"$2,345","455 Hyde St, San Francisco, CA",https://www.zillow.com/apartments/san-francisco-ca/455-hyde/5YBwqf/
"$1,995","1008 Larkin St, San Francisco, CA",https://www.zillow.com/apartments/san-francisco-ca/1008-larkin-st./5XjBVq/
"$2,428","Geary Courtyard, 639 Geary St #810, San Francisco, CA 94102",https://www.zillow.com/apartments/san-francisco-ca/geary-courtyard/5XjRSd/
"$2,545","798 Post, 798 Post St #105, San Francisco, CA 94109",https://www.zillow.com/apartments/san-francisco-ca/798-post/5XkYzc/
"$2,995","665 Pine, 665 Pine St #604, San Francisco, CA 94108",https://www.zillow.com/apartments/san-francisco-ca/665-pine/9NK9vt/
"$2,976","The George, 434 Minna St #-0814, San Francisco, CA 94103",https://www.zillow.com/apartments/san-francisco-ca/the-george/CjfxLx/
"$2,201","888 Ofarrell St, San Francisco, CA",https://www.zillow.com/apartments/san-francisco-ca/trinity-towers-apartments/5XjPdR/
"$2,949","The Mission, 240 Dolores St APT 308, San Francisco, CA 94103",https://www.zillow.com/apartments/san-francisco-ca/the-mission/5XjQJR/
"$2,836","830 Eddy St, San Francisco, CA",https://www.zillow.com/apartments/san-francisco-ca/vance/9NKJBx/
"$2,095","2300-2312 Market Street (1272rc), 2300-2312 Market St #208, San Francisco, CA 94114",https://www.zillow.com/apartments/san-francisco-ca/2300-2312-market-street-(1272rc)/ChVXy4/
"$1,900","400 Anza Street (902r), 400 Anza St APT 105, San Francisco, CA 94118",https://www.zillow.com/apartments/san-francisco-ca/400-anza-street-(902r)/9NLDBt/
"$2,799","1699 Market St, San Francisco, CA",https://www.zillow.com/apartments/san-francisco-ca/the-rise-hayes-valley/CgM2GL/
"$2,695","Webster Tower and Terrace, 1489 Webster St, San Francisco, CA 94115",https://www.zillow.com/apartments/san-francisco-ca/webster-tower-and-terrace/5Xk3Sh/
"$2,699","The Bay, 2133 Stockton St #B104, San Francisco, CA 94133",https://www.zillow.com/apartments/san-francisco-ca/the-bay/5Xhzkj/
"$2,195","990 Geary, 990 Geary St APT 302, San Francisco, CA 94109",https://www.zillow.com/apartments/san-francisco-ca/990-geary/5XjSTc/
"$2,650","Stanyan At Oak Apartments, 600 Stanyan St APT 305, San Francisco, CA 94117",https://www.zillow.com/apartments/san-francisco-ca/stanyan-at-oak-apartments/CjHhdq/
"$2,456","530 Brannan St, San Francisco, CA",https://www.zillow.com/apartments/san-francisco-ca/bennett-lofts/5Xrcx6/
"$2,095","1560 Sacramento Street (1300r), 1560 Sacramento St APT B, San Francisco, CA 94109",https://www.zillow.com/apartments/san-francisco-ca/1560-sacramento-street/5XjKdV/
"$2,895","(undisclosed Address), San Francisco, CA 94117",https://www.zillow.com/homedetails/San-Francisco-CA-94117/2122492116_zpid/
"$2,500","866 32nd Ave #1, San Francisco, CA 94121",https://www.zillow.com/homedetails/866-32nd-Ave-1-San-Francisco-CA-94121/446856767_zpid/
"$2,800","1165 Clay St, San Francisco, CA",https://www.zillow.com/b/1165-clay-st-san-francisco-ca-5j4Bhr/
"$2,995","31A Rausch St, San Francisco, CA",https://www.zillow.com/b/31a-rausch-st-san-francisco-ca-BtsZBt/
"$2,950","2844 Cabrillo St, San Francisco, CA 94121",https://www.zillow.com/homedetails/2844-Cabrillo-St-San-Francisco-CA-94121/2134159740_zpid/
"$2,900","1160 Mission St UNIT 2305, San Francisco, CA 94103",https://www.zillow.com/homedetails/1160-Mission-St-UNIT-2305-San-Francisco-CA-94103/83154159_zpid/
"$3,000","650 Turk St #T505, San Francisco, CA 94102",https://www.zillow.com/homedetails/650-Turk-St-T505-San-Francisco-CA-94102/440618797_zpid/
"$2,600","51-53 Beaumont Ave, San Francisco, CA 94118",https://www.zillow.com/homedetails/51-53-Beaumont-Ave-San-Francisco-CA-94118/332852442_zpid/
"$3,000","977 Pacific Ave #979, San Francisco, CA 94133",https://www.zillow.com/homedetails/977-Pacific-Ave-979-San-Francisco-CA-94133/2055292184_zpid/
"$2,900","333 Grant Ave APT 307, San Francisco, CA 94108",https://www.zillow.com/homedetails/333-Grant-Ave-APT-307-San-Francisco-CA-94108/69817583_zpid/
"$2,545","1203 Sutter St #505, San Francisco, CA 94109",https://www.zillow.com/homedetails/1203-Sutter-St-505-San-Francisco-CA-94109/446876311_zpid/
"$2,695","Top Floor In Nopa. Dishwasher! On-Site Laundry! Skylight! Hardwood Floors!, 650 Masonic Ave APT 11, San Francisco, CA 94117",https://www.zillow.com/b/650-masonic-san-francisco-ca-5Z36xf/
"$2,200","1740 Pacific Ave #202, San Francisco, CA 94109",https://www.zillow.com/homedetails/1740-Pacific-Ave-202-San-Francisco-CA-94109/446878425_zpid/
"$2,995","1223 Laguna St #1231, San Francisco, CA 94115",https://www.zillow.com/homedetails/1223-Laguna-St-1231-San-Francisco-CA-94115/341864350_zpid/
"$2,250","24 De Montfort Ave, San Francisco, CA 94112",https://www.zillow.com/homedetails/24-De-Montfort-Ave-San-Francisco-CA-94112/15187717_zpid/
"$1,880","399 Winding Way, San Francisco, CA 94112",https://www.zillow.com/homedetails/399-Winding-Way-San-Francisco-CA-94112/15179902_zpid/
"$3,000","728 Taylor St APT 4, San Francisco, CA 94108",https://www.zillow.com/homedetails/728-Taylor-St-APT-4-San-Francisco-CA-94108/2088045666_zpid/
"$2,295","145 Fell St, San Francisco, CA",https://www.zillow.com/b/143-fell-st-san-francisco-ca-Cgzn5v/
"$3,000","1604 McAllister St APT 4, San Francisco, CA 94115",https://www.zillow.com/homedetails/1604-McAllister-St-APT-4-San-Francisco-CA-94115/446786887_zpid/
"$2,950","1354A 20th Ave #A, San Francisco, CA 94122",https://www.zillow.com/homedetails/1354A-20th-Ave-A-San-Francisco-CA-94122/446372282_zpid/
"$2,695","245A Brighton Ave, San Francisco, CA 94112",https://www.zillow.com/homedetails/245A-Brighton-Ave-San-Francisco-CA-94112/2076816037_zpid/
"$2,500","2526 Van Ness Ave #8, San Francisco, CA 94109",https://www.zillow.com/homedetails/2526-Van-Ness-Ave-8-San-Francisco-CA-94109/446397222_zpid/
"$2,450","4620A Irving St, San Francisco, CA 94122",https://www.zillow.com/homedetails/4620A-Irving-St-San-Francisco-CA-94122/2058411235_zpid/
"$2,490","3407 24th St #2, San Francisco, CA 94110",https://www.zillow.com/homedetails/3407-24th-St-2-San-Francisco-CA-94110/2070175129_zpid/
"$2,700","347 21st Ave APT 4, San Francisco, CA 94121",https://www.zillow.com/homedetails/347-21st-Ave-APT-4-San-Francisco-CA-94121/446759065_zpid/
"$2,850","825 Lincoln Way APT 205, San Francisco, CA 94122",https://www.zillow.com/homedetails/825-Lincoln-Way-APT-205-San-Francisco-CA-94122/2112002865_zpid/
"$2,500","601 Van Ness Ave, San Francisco, CA",https://www.zillow.com/b/601-van-ness-avenue-san-francisco-ca-5XkGN9/
"$1,580","505 44th Ave, San Francisco, CA 94121",https://www.zillow.com/homedetails/505-44th-Ave-San-Francisco-CA-94121/2093982005_zpid/
"$2,845","176 Julian Ave APT 3, San Francisco, CA 94103",https://www.zillow.com/homedetails/176-Julian-Ave-APT-3-San-Francisco-CA-94103/2065588332_zpid/
"$2,595","1571 Revere Ave #1129R, San Francisco, CA 94124",https://www.zillow.com/homedetails/1571-Revere-Ave-1129R-San-Francisco-CA-94124/2056212073_zpid/
"$2,795","3428 Sacramento St #2A, San Francisco, CA 94118",https://www.zillow.com/homedetails/3428-Sacramento-St-2A-San-Francisco-CA-94118/446858322_zpid/
"$2,850","925 Fell St APT 2, San Francisco, CA 94117",https://www.zillow.com/homedetails/925-Fell-St-APT-2-San-Francisco-CA-94117/2078435466_zpid/
"$2,295","810 Eddy St, San Francisco, CA",https://www.zillow.com/b/801-van-ness-ave-san-francisco-ca-CgvgC8/
"$2,695","1737 Jackson St APT 303, San Francisco, CA 94109",https://www.zillow.com/homedetails/1737-Jackson-St-APT-303-San-Francisco-CA-94109/2107550297_zpid/
"$2,895","1701 Lincoln Way, San Francisco, CA 94122",https://www.zillow.com/homedetails/1701-Lincoln-Way-San-Francisco-CA-94122/2069295726_zpid/
"$3,000","385 Niagara Ave, San Francisco, CA 94112",https://www.zillow.com/homedetails/385-Niagara-Ave-San-Francisco-CA-94112/15191045_zpid/
"$2,950","667A Minna St #667A, San Francisco, CA 94103",https://www.zillow.com/homedetails/667A-Minna-St-667A-San-Francisco-CA-94103/2067526285_zpid/
"$2,800","27 Randolph St #B, San Francisco, CA 94132",https://www.zillow.com/homedetails/27-Randolph-St-B-San-Francisco-CA-94132/2055918519_zpid/
"$1,800","20 Beckett St APT 10, San Francisco, CA 94133",https://www.zillow.com/homedetails/20-Beckett-St-APT-10-San-Francisco-CA-94133/442146947_zpid/
"$2,700","5 Elizabeth St APT A, San Francisco, CA 94110",https://www.zillow.com/homedetails/5-Elizabeth-St-APT-A-San-Francisco-CA-94110/2069241670_zpid/
"$2,600","2400 17th Ave, San Francisco, CA",https://www.zillow.com/b/2400-17th-ave-san-francisco-ca-9NKz3C/
"$2,295","2340 Pacific Ave APT 203, San Francisco, CA 94115",https://www.zillow.com/homedetails/2340-Pacific-Ave-APT-203-San-Francisco-CA-94115/2110154113_zpid/
"$2,495","381 Chestnut St, San Francisco, CA","https://www.zillow.com/b/building/37.804066,-122.40962_ll/"
"$2,495","1614 Fell St, San Francisco, CA",https://www.zillow.com/b/1614-fell-st-san-francisco-ca-5j4BzF/
"$2,800","1889 Broadway St #202, San Francisco, CA 94109",https://www.zillow.com/homedetails/1889-Broadway-St-202-San-Francisco-CA-94109/446395522_zpid/
"$2,995","2125 18th Street, 2125 18th St APT C, San Francisco, CA 94107",https://www.zillow.com/b/2125-18th-street-san-francisco-ca-5YSvRK/
"$2,895","209 Sanchez St APT 5, San Francisco, CA 94114",https://www.zillow.com/homedetails/209-Sanchez-St-APT-5-San-Francisco-CA-94114/2099463904_zpid/
"$2,350","3910 Fulton St APT 1, San Francisco, CA 94118",https://www.zillow.com/homedetails/3910-Fulton-St-APT-1-San-Francisco-CA-94118/2082283882_zpid/
"$2,395","1240 California St #J6, San Francisco, CA 94109",https://www.zillow.com/homedetails/1240-California-St-J6-San-Francisco-CA-94109/446023715_zpid/
"$2,800","201 Harrison St APT 808, San Francisco, CA 94105",https://www.zillow.com/homedetails/201-Harrison-St-APT-808-San-Francisco-CA-94105/15148338_zpid/
"$2,300","880 Bush St APT 310, San Francisco, CA 94108",https://www.zillow.com/homedetails/880-Bush-St-APT-310-San-Francisco-CA-94108/445961451_zpid/
"$2,545","482 Linden St #A, San Francisco, CA 94102",https://www.zillow.com/homedetails/482-Linden-St-A-San-Francisco-CA-94102/2078648563_zpid/
"$2,295","755 Eddy St, San Francisco, CA 94109",https://www.zillow.com/homedetails/755-Eddy-St-San-Francisco-CA-94109/2060939981_zpid/
"$2,200","321 9th Ave APT 12, San Francisco, CA 94118",https://www.zillow.com/homedetails/321-9th-Ave-APT-12-San-Francisco-CA-94118/2056170477_zpid/
"$2,800","1920 Pine St APT 1, San Francisco, CA 94109",https://www.zillow.com/homedetails/1920-Pine-St-APT-1-San-Francisco-CA-94109/402298398_zpid/
"$2,490","3100 Vicente St APT 203, San Francisco, CA 94116",https://www.zillow.com/homedetails/3100-Vicente-St-APT-203-San-Francisco-CA-94116/2067106595_zpid/
"$2,300","747-49 43rd Ave #A, San Francisco, CA 94121",https://www.zillow.com/homedetails/747-49-43rd-Ave-A-San-Francisco-CA-94121/443932325_zpid/
"$2,500","3368 25th St, San Francisco, CA 94110",https://www.zillow.com/homedetails/3368-25th-St-San-Francisco-CA-94110/2093464034_zpid/
"$2,350","1710 19th Ave #8, San Francisco, CA 94122",https://www.zillow.com/homedetails/1710-19th-Ave-8-San-Francisco-CA-94122/2067425170_zpid/
"$1,800","43 Alder St, San Francisco, CA 94134",https://www.zillow.com/homedetails/43-Alder-St-San-Francisco-CA-94134/15172596_zpid/
"$2,350","2550 Golden Gate Ave APT 3, San Francisco, CA 94118",https://www.zillow.com/homedetails/2550-Golden-Gate-Ave-APT-3-San-Francisco-CA-94118/444582901_zpid/
"$2,700","615 Brazil Ave #3, San Francisco, CA 94112",https://www.zillow.com/homedetails/615-Brazil-Ave-3-San-Francisco-CA-94112/2058467128_zpid/
"$2,795","3426 Sacramento Street, 3426 Sacramento St #2, San Francisco, CA 94118",https://www.zillow.com/b/3426-sacramento-street-san-francisco-ca-9NLCQg/
"$2,700","1770 Pine St, San Francisco, CA 94109",https://www.zillow.com/homedetails/1770-Pine-St-San-Francisco-CA-94109/446227571_zpid/
"$2,850","559-561 24th Ave #710R, San Francisco, CA 94121",https://www.zillow.com/homedetails/559-561-24th-Ave-710R-San-Francisco-CA-94121/351863693_zpid/
"$2,450","595 22nd Ave APT 7, San Francisco, CA 94121",https://www.zillow.com/homedetails/595-22nd-Ave-APT-7-San-Francisco-CA-94121/2127626171_zpid/
"$2,595","1650 California St, San Francisco, CA 94109",https://www.zillow.com/homedetails/1650-California-St-San-Francisco-CA-94109/2078773480_zpid/
"$2,990","353 Monticello St, San Francisco, CA 94132",https://www.zillow.com/homedetails/353-Monticello-St-San-Francisco-CA-94132/15189889_zpid/
"$3,000","75 Heather Ave APT 12, San Francisco, CA 94118",https://www.zillow.com/homedetails/75-Heather-Ave-APT-12-San-Francisco-CA-94118/2057894643_zpid/
"$2,500","2750 McAllister St #206, San Francisco, CA 94118",https://www.zillow.com/homedetails/2750-McAllister-St-206-San-Francisco-CA-94118/2078705644_zpid/
"$2,365","786 Geary, 786 Geary St #204, San Francisco, CA 94109",https://www.zillow.com/b/786-geary-san-francisco-ca-CjVj82/
"$2,400","20 Leo St #3, San Francisco, CA 94112",https://www.zillow.com/homedetails/20-Leo-St-3-San-Francisco-CA-94112/2055994103_zpid/
"$2,300","646 Natoma St #C, San Francisco, CA 94103",https://www.zillow.com/homedetails/646-Natoma-St-C-San-Francisco-CA-94103/350276653_zpid/
"$2,650","710 Central Ave #B, San Francisco, CA 94117",https://www.zillow.com/homedetails/710-Central-Ave-B-San-Francisco-CA-94117/2065538560_zpid/
"$3,000","1740 Oakdale Ave, San Francisco, CA 94124",https://www.zillow.com/homedetails/1740-Oakdale-Ave-San-Francisco-CA-94124/2101026695_zpid/
"$2,995","2301 Larkin St APT 403, San Francisco, CA 94109",https://www.zillow.com/homedetails/2301-Larkin-St-APT-403-San-Francisco-CA-94109/446244238_zpid/
"$2,850","2861 Webster St #2101-2107, San Francisco, CA 94123",https://www.zillow.com/homedetails/2861-Webster-St-2101-2107-San-Francisco-CA-94123/350567619_zpid/
"$2,500","1225 Clay St #2, San Francisco, CA 94108",https://www.zillow.com/homedetails/1225-Clay-St-2-San-Francisco-CA-94108/444790001_zpid/
"$2,450","156 Missouri St, San Francisco, CA 94107",https://www.zillow.com/homedetails/156-Missouri-St-San-Francisco-CA-94107/2080526088_zpid/
"$2,395","805 Lyon St, San Francisco, CA 94115",https://www.zillow.com/homedetails/805-Lyon-St-San-Francisco-CA-94115/332852672_zpid/
"$2,850","3627 - 3633A 17th Street, 3627-3633A 17th St #3631A, San Francisco, CA 94114",https://www.zillow.com/b/3627-3633a-17th-street-san-francisco-ca-BrxYYP/
"$2,400","3407 26th St #3, San Francisco, CA 94110",https://www.zillow.com/homedetails/3407-26th-St-3-San-Francisco-CA-94110/2077453968_zpid/
"$2,750","2642 Van Ness Ave #107, San Francisco, CA 94109",https://www.zillow.com/homedetails/2642-Van-Ness-Ave-107-San-Francisco-CA-94109/2071179107_zpid/
"$2,450","595 Dolores St #D, San Francisco, CA 94110",https://www.zillow.com/homedetails/595-Dolores-St-D-San-Francisco-CA-94110/446243274_zpid/
"$2,650","571 Elizabeth St #B, San Francisco, CA 94114",https://www.zillow.com/homedetails/571-Elizabeth-St-B-San-Francisco-CA-94114/2095568775_zpid/
"$1,192","472 3rd St #5, San Francisco, CA 94107",https://www.zillow.com/homedetails/472-3rd-St-5-San-Francisco-CA-94107/446234815_zpid/
"$2,900","50 Russ St #50, San Francisco, CA 94103",https://www.zillow.com/homedetails/50-Russ-St-50-San-Francisco-CA-94103/2057692982_zpid/
"$2,600","2365 24th Ave #A, San Francisco, CA 94116",https://www.zillow.com/homedetails/2365-24th-Ave-A-San-Francisco-CA-94116/2065886145_zpid/
"$2,845","1357 Clay St #519RC, San Francisco, CA 94109",https://www.zillow.com/homedetails/1357-Clay-St-519RC-San-Francisco-CA-94109/2053728236_zpid/
"$2,795","522 Laguna St, San Francisco, CA 94102",https://www.zillow.com/homedetails/522-Laguna-St-San-Francisco-CA-94102/446245806_zpid/
"$2,645","435 Euclid Ave #386R, San Francisco, CA 94118",https://www.zillow.com/homedetails/435-Euclid-Ave-386R-San-Francisco-CA-94118/2055469336_zpid/
"$2,995","337 10th Ave, San Francisco, CA",https://www.zillow.com/b/337-10th-avenue-san-francisco-ca-9NLCLX/
"$2,695","1044 Pine St APT 9, San Francisco, CA 94109",https://www.zillow.com/homedetails/1044-Pine-St-APT-9-San-Francisco-CA-94109/2123815011_zpid/
"$2,800","940 Union St APT 1, San Francisco, CA 94133",https://www.zillow.com/homedetails/940-Union-St-APT-1-San-Francisco-CA-94133/441818717_zpid/
"$2,600","342 8th Ave APT 2, San Francisco, CA 94118",https://www.zillow.com/homedetails/342-8th-Ave-APT-2-San-Francisco-CA-94118/2121744994_zpid/
"$2,500","990 De Haro St #996A, San Francisco, CA 94107",https://www.zillow.com/homedetails/990-De-Haro-St-996A-San-Francisco-CA-94107/2054358262_zpid/
"$2,750","1379 Vallejo St, San Francisco, CA",https://www.zillow.com/b/1379-vallejo-st-san-francisco-ca-9NKDZF/
"$2,995","736 Leavenworth St #8, San Francisco, CA 94109",https://www.zillow.com/homedetails/736-Leavenworth-St-8-San-Francisco-CA-94109/2054925648_zpid/
"$2,895","800-810 Green Street, 800 810th Green St #1701, San Francisco, CA 94133",https://www.zillow.com/homedetails/800-810th-Green-St-1701-San-Francisco-CA-94133/445071592_zpid/
"$2,895","guerrero, 1386 Guerrero St APT 1, San Francisco, CA 94110",https://www.zillow.com/b/guerrero-san-francisco-ca-9NKKzX/
"$2,895","2990 Cesar Chavez St, San Francisco, CA 94110",https://www.zillow.com/homedetails/2990-Cesar-Chavez-St-San-Francisco-CA-94110/2081058870_zpid/
"$2,495","brazil, 109 Brazil Ave #1, San Francisco, CA 94112",https://www.zillow.com/b/brazil-san-francisco-ca-9NKWhC/
"$1,599","10 Brooklyn Pl APT 6, San Francisco, CA 94108",https://www.zillow.com/homedetails/10-Brooklyn-Pl-APT-6-San-Francisco-CA-94108/2107502598_zpid/
"$2,450","1586 18th Ave, San Francisco, CA 94122",https://www.zillow.com/homedetails/1586-18th-Ave-San-Francisco-CA-94122/2081551458_zpid/
"$2,895","511-515 Vallejo Street, 511-515 Vallejo St, San Francisco, CA 94133",https://www.zillow.com/homedetails/511-515-Vallejo-St-San-Francisco-CA-94133/2053132743_zpid/
"$2,295","4828 Mission St APT 3, San Francisco, CA 94112",https://www.zillow.com/homedetails/4828-Mission-St-APT-3-San-Francisco-CA-94112/2087259946_zpid/
"$2,495","250 Hartford St #2, San Francisco, CA 94114",https://www.zillow.com/homedetails/250-Hartford-St-2-San-Francisco-CA-94114/2079430015_zpid/
"$2,400","2903 Mission St #3, San Francisco, CA 94110",https://www.zillow.com/homedetails/2903-Mission-St-3-San-Francisco-CA-94110/2073250334_zpid/
"$2,750","949 Ashbury St, San Francisco, CA 94117",https://www.zillow.com/homedetails/949-Ashbury-St-San-Francisco-CA-94117/2080142190_zpid/
"$2,600","37 Grace St #101, San Francisco, CA 94103",https://www.zillow.com/homedetails/37-Grace-St-101-San-Francisco-CA-94103/2079353661_zpid/
"$2,700","210 Jules Ave #1, San Francisco, CA 94112",https://www.zillow.com/homedetails/210-Jules-Ave-1-San-Francisco-CA-94112/2061962339_zpid/
"$2,995","1219 Taylor St APT 31, San Francisco, CA 94108",https://www.zillow.com/homedetails/1219-Taylor-St-APT-31-San-Francisco-CA-94108/2083853752_zpid/
"$2,395","1030 Larkin, 1030 Larkin St #1-03, San Francisco, CA 94109",https://www.zillow.com/b/1030-larkin-san-francisco-ca-5d4DK7/
"$2,895","1175 Pine St APT A, San Francisco, CA 94109",https://www.zillow.com/homedetails/1175-Pine-St-APT-A-San-Francisco-CA-94109/2055183721_zpid/
"$2,595","1298 Fitzgerald Ave #A, San Francisco, CA 94124",https://www.zillow.com/homedetails/1298-Fitzgerald-Ave-A-San-Francisco-CA-94124/2067753185_zpid/
"$2,400","454 Clementina St #A, San Francisco, CA 94103",https://www.zillow.com/homedetails/454-Clementina-St-A-San-Francisco-CA-94103/2079891107_zpid/
"$2,995","140 S Van Ness Ave #1130, San Francisco, CA 94103",https://www.zillow.com/homedetails/140-S-Van-Ness-Ave-1130-San-Francisco-CA-94103/64969915_zpid/
"$2,795","2430 Steiner Street, 2430 Steiner St APT 5, San Francisco, CA 94115",https://www.zillow.com/b/2430-steiner-street-san-francisco-ca-5YzqZX/
"$2,695","1050 Pine St APT 5, San Francisco, CA 94109",https://www.zillow.com/homedetails/1050-Pine-St-APT-5-San-Francisco-CA-94109/2095113037_zpid/
"$2,395","679 Green St, San Francisco, CA 94133",https://www.zillow.com/homedetails/679-Green-St-San-Francisco-CA-94133/446638492_zpid/
"$2,395","711 Clayton St APT 1, San Francisco, CA 94117",https://www.zillow.com/homedetails/711-Clayton-St-APT-1-San-Francisco-CA-94117/2096863972_zpid/
"$2,995","1445 Greenwich, 1445 Greenwich St #1445/306, San Francisco, CA 94109",https://www.zillow.com/apartments/san-francisco-ca/1445-greenwich/5YBK8s/
"$2,295","1822 McAllister St APT 2, San Francisco, CA 94115",https://www.zillow.com/homedetails/1822-McAllister-St-APT-2-San-Francisco-CA-94115/2085414444_zpid/
"$1,100","1223-1229 7th Ave, San Francisco, CA",https://www.zillow.com/b/1223-1229-7th-avenue-san-francisco-ca-CjfHv2/
"$2,695","1930, 1930 Sacramento St APT 1, San Francisco, CA 94109",https://www.zillow.com/b/1930-sacramento-street-san-francisco-ca-5Z3ZCM/
"$2,900","667 33rd Ave, San Francisco, CA 94121",https://www.zillow.com/homedetails/667-33rd-Ave-San-Francisco-CA-94121/443925617_zpid/
"$2,795","021, 1135-1137-1139 De Haro St #1135, San Francisco, CA 94107",https://www.zillow.com/b/021-san-francisco-ca-CjKW4X/
"$1,995","1532 Balboa St, San Francisco, CA 94118",https://www.zillow.com/homedetails/1532-Balboa-St-San-Francisco-CA-94118/443842727_zpid/
"$1,850","276 3rd Ave #1B, San Francisco, CA 94118",https://www.zillow.com/homedetails/276-3rd-Ave-1B-San-Francisco-CA-94118/2075575811_zpid/
"$2,995","250 King St UNIT 454, San Francisco, CA 94107",https://www.zillow.com/homedetails/250-King-St-UNIT-454-San-Francisco-CA-94107/69819500_zpid/
"$2,995","757 Douglass St, San Francisco, CA 94114",https://www.zillow.com/homedetails/757-Douglass-St-San-Francisco-CA-94114/443515689_zpid/
"$3,000","5347 Geary Blvd APT 1, San Francisco, CA 94121",https://www.zillow.com/homedetails/5347-Geary-Blvd-APT-1-San-Francisco-CA-94121/443424984_zpid/
"$2,350","2848 California St, San Francisco, CA",https://www.zillow.com/b/2848-california-st.-san-francisco-ca-9NKtmv/
"$2,295","1754 Mission St, San Francisco, CA",https://www.zillow.com/b/1754-60-mission-street-san-francisco-ca-5j4Cwz/
"$3,000","1225 Anza St, San Francisco, CA 94118",https://www.zillow.com/homedetails/1225-Anza-St-San-Francisco-CA-94118/2102166536_zpid/
"$2,395","901 Stanyan St #A, San Francisco, CA 94117",https://www.zillow.com/homedetails/901-Stanyan-St-A-San-Francisco-CA-94117/2077916342_zpid/
"$2,495","81 Frank Norris St, San Francisco, CA 94109",https://www.zillow.com/homedetails/81-Frank-Norris-St-San-Francisco-CA-94109/2103982531_zpid/
"$2,595","4107 California Street (1315R), 4107 California St #206, San Francisco, CA 94118",https://www.zillow.com/b/4107-california-street-(1315r)-san-francisco-ca-9NLDGf/
"$1,975","947 Geary St, San Francisco, CA",https://www.zillow.com/b/947-geary-st-san-francisco-ca-5j4CDQ/
"$2,295","385 San Jose Ave #A, San Francisco, CA 94110",https://www.zillow.com/homedetails/385-San-Jose-Ave-A-San-Francisco-CA-94110/2091958168_zpid/
"$2,700","4370 Mission St, San Francisco, CA",https://www.zillow.com/b/m113-san-francisco-ca-9NKcxN/
"$2,200","1119 Geary Blvd, San Francisco, CA",https://www.zillow.com/b/1119-geary-blvd-san-francisco-ca-9NKCMX/
"$2,550","110 Bacon St, San Francisco, CA 94134",https://www.zillow.com/homedetails/110-Bacon-St-San-Francisco-CA-94134/443052147_zpid/
"$2,900","8 Cypress St, San Francisco, CA 94110",https://www.zillow.com/homedetails/8-Cypress-St-San-Francisco-CA-94110/2093560587_zpid/
"$2,395","1661 Bush St, San Francisco, CA",https://www.zillow.com/b/1661-bush-street-san-francisco-ca-5YCKWK/
"$2,510","1075 Market St UNIT 309, San Francisco, CA 94103",https://www.zillow.com/homedetails/1075-Market-St-UNIT-309-San-Francisco-CA-94103/303806876_zpid/
"$2,595","1200 Pine St, San Francisco, CA",https://www.zillow.com/b/1200-pine-san-francisco-ca-9NKCkR/
"$2,795","119 Haight St, San Francisco, CA",https://www.zillow.com/b/119-haight-san-francisco-ca-5j4CP8/
"$2,695","2023 Folsom, 2023 Folsom St #10, San Francisco, CA 94110",https://www.zillow.com/b/2023-folsom-san-francisco-ca-5YHZNp/
"$2,900","1479 Quesada Ave #2, San Francisco, CA 94124",https://www.zillow.com/homedetails/1479-Quesada-Ave-2-San-Francisco-CA-94124/440547796_zpid/
"$2,695","974 Pine St, San Francisco, CA 94108",https://www.zillow.com/homedetails/974-Pine-St-San-Francisco-CA-94108/439561029_zpid/
"$2,200","821 Jackson St APT 1, San Francisco, CA 94108",https://www.zillow.com/homedetails/821-Jackson-St-APT-1-San-Francisco-CA-94108/2056060430_zpid/
"$2,295","2852 California St APT A, San Francisco, CA 94115",https://www.zillow.com/homedetails/2852-California-St-APT-A-San-Francisco-CA-94115/2060387121_zpid/
"$2,650","2077 Jackson St APT 106, San Francisco, CA 94109",https://www.zillow.com/homedetails/2077-Jackson-St-APT-106-San-Francisco-CA-94109/2094131724_zpid/
"$2,200","1364A Broadway St, San Francisco, CA 94109",https://www.zillow.com/homedetails/1364A-Broadway-St-San-Francisco-CA-94109/442911833_zpid/
"$2,199","269 4th Ave #2, San Francisco, CA 94118",https://www.zillow.com/homedetails/269-4th-Ave-2-San-Francisco-CA-94118/440621504_zpid/
"$2,800","3925 19th St, San Francisco, CA 94114",https://www.zillow.com/homedetails/3925-19th-St-San-Francisco-CA-94114/440461572_zpid/
"$1,495","1850 35th Ave, San Francisco, CA 94122",https://www.zillow.com/homedetails/1850-35th-Ave-San-Francisco-CA-94122/15112996_zpid/
"$2,595","125 Palm Avenue, 125 Palm Ave APT 103, San Francisco, CA 94118",https://www.zillow.com/b/125-palm-avenue-san-francisco-ca-5YPwx6/
"$2,800","566 S Van Ness Ave APT 28, San Francisco, CA 94110",https://www.zillow.com/homedetails/566-S-Van-Ness-Ave-APT-28-San-Francisco-CA-94110/82785795_zpid/
"$2,062","1624 Sacramento, 1624 Sacramento St APT 16, San Francisco, CA 94109",https://www.zillow.com/apartments/san-francisco-ca/1624-sacramento/5ZRSwJ/
"$2,695","Ltremain, 1390 Revere Ave #D173C3839, San Francisco, CA 94124",https://www.zillow.com/b/ltremain-san-francisco-ca-CgHCmW/
"$1,795","325 Leavenworth St #2B, San Francisco, CA 94109",https://www.zillow.com/homedetails/325-Leavenworth-St-2B-San-Francisco-CA-94109/2067563098_zpid/
"$2,500","372 Lily St, San Francisco, CA 94102",https://www.zillow.com/homedetails/372-Lily-St-San-Francisco-CA-94102/2078397300_zpid/
"$2,650","274 12th Ave FLOOR 3, San Francisco, CA 94118",https://www.zillow.com/homedetails/274-12th-Ave-FLOOR-3-San-Francisco-CA-94118/446909071_zpid/
"$2,400","1235 Florida St #D, San Francisco, CA 94110",https://www.zillow.com/homedetails/1235-Florida-St-D-San-Francisco-CA-94110/2054759094_zpid/
"$3,000","1445 Lyon St APT 5, San Francisco, CA 94115",https://www.zillow.com/homedetails/1445-Lyon-St-APT-5-San-Francisco-CA-94115/2056374347_zpid/
"$2,645","1201 Leavenworth Street, 1201 Leavenworth St #102, San Francisco, CA 94109",https://www.zillow.com/b/1201-leavenworth-street-san-francisco-ca-9NKCnB/
"$2,600","2518 San Bruno Ave, San Francisco, CA","https://www.zillow.com/b/building/37.72964,-122.40485_ll/"
"$2,850","1123 Clay St APT 9, San Francisco, CA 94108",https://www.zillow.com/homedetails/1123-Clay-St-APT-9-San-Francisco-CA-94108/446740367_zpid/
"$2,990","953A Key Ave, San Francisco, CA 94124",https://www.zillow.com/homedetails/953A-Key-Ave-San-Francisco-CA-94124/2056424675_zpid/
"$2,400","226 Waterville St #A, San Francisco, CA 94124",https://www.zillow.com/homedetails/226-Waterville-St-A-San-Francisco-CA-94124/2053530072_zpid/
"$2,845","(undisclosed Address), San Francisco, CA 94110",https://www.zillow.com/homedetails/San-Francisco-CA-94110/446852387_zpid/
"$2,650","1942 15th St APT 2, San Francisco, CA 94114",https://www.zillow.com/homedetails/1942-15th-St-APT-2-San-Francisco-CA-94114/446869833_zpid/
"$3,000","(undisclosed Address), San Francisco, CA 94124",https://www.zillow.com/homedetails/San-Francisco-CA-94124/15158221_zpid/
"$3,000","109 21st Ave, San Francisco, CA 94121",https://www.zillow.com/homedetails/109-21st-Ave-San-Francisco-CA-94121/446848539_zpid/
"$2,200","57 Lisbon St, San Francisco, CA 94112",https://www.zillow.com/homedetails/57-Lisbon-St-San-Francisco-CA-94112/15167896_zpid/
"$2,850","1645 Clay St APT 5, San Francisco, CA 94109",https://www.zillow.com/homedetails/1645-Clay-St-APT-5-San-Francisco-CA-94109/2054613025_zpid/
"$3,000","(undisclosed Address), San Francisco, CA 94134",https://www.zillow.com/homedetails/San-Francisco-CA-94134/2060465357_zpid/
"$1,950","21 Juri St #21, San Francisco, CA 94110",https://www.zillow.com/homedetails/21-Juri-St-21-San-Francisco-CA-94110/443211400_zpid/
"$2,400","1-5 Lowell St #1, San Francisco, CA 94112",https://www.zillow.com/homedetails/1-5-Lowell-St-1-San-Francisco-CA-94112/443624482_zpid/
"$2,475","1750 Beach St, San Francisco, CA",https://www.zillow.com/b/1750-beach-st-san-francisco-ca-9NLXF6/
"$2,750","277 3rd Ave, San Francisco, CA",https://www.zillow.com/b/277-3rd-ave-san-francisco-ca-9NLBnX/
"$2,550","2256 19th Ave #A, San Francisco, CA 94116",https://www.zillow.com/homedetails/2256-19th-Ave-A-San-Francisco-CA-94116/2059113188_zpid/
"$3,000","439 Brussels St, San Francisco, CA 94134",https://www.zillow.com/homedetails/439-Brussels-St-San-Francisco-CA-94134/15170246_zpid/
"$2,950","2225 23rd St UNIT 118, San Francisco, CA 94107",https://www.zillow.com/homedetails/2225-23rd-St-UNIT-118-San-Francisco-CA-94107/15152027_zpid/
"$2,995","395 31st Ave APT 201, San Francisco, CA 94121",https://www.zillow.com/homedetails/395-31st-Ave-APT-201-San-Francisco-CA-94121/2087811907_zpid/
"$2,950","1001 Brussels St UNIT A, San Francisco, CA 94134",https://www.zillow.com/homedetails/1001-Brussels-St-UNIT-A-San-Francisco-CA-94134/439875347_zpid/
"$2,695","125 Guerrero St #2, San Francisco, CA 94103",https://www.zillow.com/homedetails/125-Guerrero-St-2-San-Francisco-CA-94103/2076563955_zpid/
"$2,500","757 Sutter St APT 500, San Francisco, CA 94109",https://www.zillow.com/homedetails/757-Sutter-St-APT-500-San-Francisco-CA-94109/446286353_zpid/
"$2,500","2554 San Bruno Ave APT 1, San Francisco, CA 94134",https://www.zillow.com/homedetails/2554-San-Bruno-Ave-APT-1-San-Francisco-CA-94134/446672910_zpid/
"$2,200","1338A La Playa St #A, San Francisco, CA 94122",https://www.zillow.com/homedetails/1338A-La-Playa-St-A-San-Francisco-CA-94122/446840336_zpid/
"$2,200","579 Head St, San Francisco, CA 94132",https://www.zillow.com/homedetails/579-Head-St-San-Francisco-CA-94132/15193131_zpid/
"$2,600","1405 48th Ave #3, San Francisco, CA 94122",https://www.zillow.com/homedetails/1405-48th-Ave-3-San-Francisco-CA-94122/446838815_zpid/
"$2,495","537 Natoma St #202, San Francisco, CA 94103",https://www.zillow.com/homedetails/537-Natoma-St-202-San-Francisco-CA-94103/121338113_zpid/
"$2,495","(undisclosed Address), San Francisco, CA 94112",https://www.zillow.com/homedetails/San-Francisco-CA-94112/445866616_zpid/
"$2,800","6500 3rd St, San Francisco, CA 94124",https://www.zillow.com/homedetails/6500-3rd-St-San-Francisco-CA-94124/2060469872_zpid/
"$1,745","1005 Larkin St APT 7, San Francisco, CA 94109",https://www.zillow.com/homedetails/1005-Larkin-St-APT-7-San-Francisco-CA-94109/443284385_zpid/
"$2,400","715 Leavenworth St APT 10, San Francisco, CA 94109",https://www.zillow.com/homedetails/715-Leavenworth-St-APT-10-San-Francisco-CA-94109/2085267878_zpid/
"$2,900","552 Octavia St, San Francisco, CA 94102",https://www.zillow.com/homedetails/552-Octavia-St-San-Francisco-CA-94102/2078483893_zpid/
"$2,800","23 Franklin St APT 201, San Francisco, CA 94102",https://www.zillow.com/homedetails/23-Franklin-St-APT-201-San-Francisco-CA-94102/444483649_zpid/
"$2,750","301 Graystone Ter, San Francisco, CA","https://www.zillow.com/b/301-Graystone-Ter-San-Francisco-CA/37.756745613132,-122.44375398617_ll/"
"$2,710","3943 Mission St APT 4, San Francisco, CA 94112",https://www.zillow.com/homedetails/3943-Mission-St-APT-4-San-Francisco-CA-94112/446238967_zpid/
"$2,800","302 Junipero Serra Blvd #302, San Francisco, CA 94127",https://www.zillow.com/homedetails/302-Junipero-Serra-Blvd-302-San-Francisco-CA-94127/2057977450_zpid/
"$2,795","1365 10th Ave APT 12, San Francisco, CA 94122",https://www.zillow.com/homedetails/1365-10th-Ave-APT-12-San-Francisco-CA-94122/2092144511_zpid/
"$2,400","(undisclosed Address), San Francisco, CA 94116",https://www.zillow.com/homedetails/San-Francisco-CA-94116/15114786_zpid/
$771,"151 & 351 Friedell St, San Francisco, CA 94103",https://www.zillow.com/homedetails/151-351-Friedell-St-San-Francisco-CA-94103/443927022_zpid/
"$2,800","770 Great Hwy #B, San Francisco, CA 94121",https://www.zillow.com/homedetails/770-Great-Hwy-B-San-Francisco-CA-94121/446839215_zpid/
"$2,895","1462 Vallejo St #303, San Francisco, CA 94109",https://www.zillow.com/homedetails/1462-Vallejo-St-303-San-Francisco-CA-94109/443865027_zpid/
"$2,600","226 Point Lobos Ave #2, San Francisco, CA 94121",https://www.zillow.com/homedetails/226-Point-Lobos-Ave-2-San-Francisco-CA-94121/446692356_zpid/
"$2,590","410 Lake St #2, San Francisco, CA 94118",https://www.zillow.com/homedetails/410-Lake-St-2-San-Francisco-CA-94118/2072816833_zpid/
"$2,100","454 20th Ave APT 5, San Francisco, CA 94121",https://www.zillow.com/homedetails/454-20th-Ave-APT-5-San-Francisco-CA-94121/446230994_zpid/
"$2,995","172 Langton St, San Francisco, CA 94103",https://www.zillow.com/homedetails/172-Langton-St-San-Francisco-CA-94103/249664754_zpid/
"$2,900","462 Union St #462, San Francisco, CA 94133",https://www.zillow.com/homedetails/462-Union-St-462-San-Francisco-CA-94133/446173410_zpid/
"$2,600","1415 5th Ave APT 2, San Francisco, CA 94122",https://www.zillow.com/homedetails/1415-5th-Ave-APT-2-San-Francisco-CA-94122/2094708585_zpid/
"$2,750","173 Julian Ave APT 4, San Francisco, CA 94103",https://www.zillow.com/homedetails/173-Julian-Ave-APT-4-San-Francisco-CA-94103/344973715_zpid/
"$2,500","(undisclosed Address), San Francisco, CA 94134",https://www.zillow.com/homedetails/San-Francisco-CA-94134/15171760_zpid/
"$2,549","1305 18th St APT 1, San Francisco, CA 94107",https://www.zillow.com/homedetails/1305-18th-St-APT-1-San-Francisco-CA-94107/441728572_zpid/
"$2,300","(undisclosed Address), San Francisco, CA 94116",https://www.zillow.com/homedetails/San-Francisco-CA-94116/2090999627_zpid/
"$2,300","640 Moraga St, San Francisco, CA 94122",https://www.zillow.com/homedetails/640-Moraga-St-San-Francisco-CA-94122/2120894625_zpid/
"$2,100","1385 Pine St APT 14, San Francisco, CA 94109",https://www.zillow.com/homedetails/1385-Pine-St-APT-14-San-Francisco-CA-94109/2122237019_zpid/
"$2,949","14 Midway St, San Francisco, CA 94133",https://www.zillow.com/homedetails/14-Midway-St-San-Francisco-CA-94133/59779130_zpid/
"$2,000","3520 23rd St APT 4, San Francisco, CA 94110",https://www.zillow.com/homedetails/3520-23rd-St-APT-4-San-Francisco-CA-94110/446799131_zpid/
"$2,515","1240 Bush, 1240 Bush St APT 5, San Francisco, CA 94109",https://www.zillow.com/b/1240-bush-san-francisco-ca-5j4BVw/
"$2,400","2911 26th St, San Francisco, CA 94110",https://www.zillow.com/homedetails/2911-26th-St-San-Francisco-CA-94110/2077442997_zpid/
"$2,650","1883 Oakdale Ave, San Francisco, CA 94124",https://www.zillow.com/homedetails/1883-Oakdale-Ave-San-Francisco-CA-94124/15156363_zpid/
"$2,595","332 Presidio Ave APT 2, San Francisco, CA 94115",https://www.zillow.com/homedetails/332-Presidio-Ave-APT-2-San-Francisco-CA-94115/446906394_zpid/
"$2,595","1075 Ofarrell St, San Francisco, CA",https://www.zillow.com/b/1075-ofarrell-st-san-francisco-ca-ChTYDZ/
"$2,749","4640 Balboa St #A, San Francisco, CA 94121",https://www.zillow.com/homedetails/4640-Balboa-St-A-San-Francisco-CA-94121/445770568_zpid/
"$2,695","1-147 Henry St, San Francisco, CA 94114",https://www.zillow.com/homedetails/1-147-Henry-St-San-Francisco-CA-94114/446899503_zpid/
"$1,950","1815 Powell St APT F, San Francisco, CA 94133",https://www.zillow.com/homedetails/1815-Powell-St-APT-F-San-Francisco-CA-94133/2113734408_zpid/
"$2,200","845 Hyde St APT 10, San Francisco, CA 94109",https://www.zillow.com/homedetails/845-Hyde-St-APT-10-San-Francisco-CA-94109/2110221512_zpid/
"$2,900","2828 Anza St APT 2, San Francisco, CA 94121",https://www.zillow.com/homedetails/2828-Anza-St-APT-2-San-Francisco-CA-94121/443788209_zpid/
"$2,350","(undisclosed Address), San Francisco, CA 94122",https://www.zillow.com/homedetails/San-Francisco-CA-94122/446677934_zpid/
"$2,890","523 Judah St APT 201, San Francisco, CA 94122",https://www.zillow.com/homedetails/523-Judah-St-APT-201-San-Francisco-CA-94122/2062390085_zpid/
"$2,900","456 Union St #A, San Francisco, CA 94133",https://www.zillow.com/homedetails/456-Union-St-A-San-Francisco-CA-94133/2091298829_zpid/
"$2,750","1456 Vallejo St APT 104, San Francisco, CA 94109",https://www.zillow.com/homedetails/1456-Vallejo-St-APT-104-San-Francisco-CA-94109/443693617_zpid/
"$2,395","277 Shipley St APT F, San Francisco, CA 94107",https://www.zillow.com/homedetails/277-Shipley-St-APT-F-San-Francisco-CA-94107/2089279134_zpid/
"$2,850","(undisclosed Address), San Francisco, CA 94114",https://www.zillow.com/homedetails/San-Francisco-CA-94114/2077452271_zpid/
"$2,750","401 Miguel St #1, San Francisco, CA 94131",https://www.zillow.com/homedetails/401-Miguel-St-1-San-Francisco-CA-94131/2077359294_zpid/
"$2,700","190 Victoria St APT 3, San Francisco, CA 94132",https://www.zillow.com/homedetails/190-Victoria-St-APT-3-San-Francisco-CA-94132/443777621_zpid/
"$2,795","1238 Sutter St #203, San Francisco, CA 94109",https://www.zillow.com/homedetails/1238-Sutter-St-203-San-Francisco-CA-94109/303806803_zpid/
"$2,099","154 Langton St #B, San Francisco, CA 94103",https://www.zillow.com/homedetails/154-Langton-St-B-San-Francisco-CA-94103/2057859367_zpid/
"$2,200","2258 39th Ave, San Francisco, CA 94116",https://www.zillow.com/homedetails/2258-39th-Ave-San-Francisco-CA-94116/15118916_zpid/
"$2,650","120 Leland Ave, San Francisco, CA 94134",https://www.zillow.com/homedetails/120-Leland-Ave-San-Francisco-CA-94134/2075614368_zpid/
"$2,595","309 Judah St #319, San Francisco, CA 94122",https://www.zillow.com/homedetails/309-Judah-St-319-San-Francisco-CA-94122/2095621625_zpid/
"$1,950","745 Pine St APT 10, San Francisco, CA 94108",https://www.zillow.com/homedetails/745-Pine-St-APT-10-San-Francisco-CA-94108/443736406_zpid/
"$2,750","120 Porter St, San Francisco, CA 94110",https://www.zillow.com/homedetails/120-Porter-St-San-Francisco-CA-94110/2083866555_zpid/
"$2,595","1125 Kansas St FLOOR 1, San Francisco, CA 94107",https://www.zillow.com/homedetails/1125-Kansas-St-FLOOR-1-San-Francisco-CA-94107/446850076_zpid/
"$3,000","42 Varennes St, San Francisco, CA 94133",https://www.zillow.com/homedetails/42-Varennes-St-San-Francisco-CA-94133/2056424909_zpid/
"$3,000","1384 Green St, San Francisco, CA 94109",https://www.zillow.com/homedetails/1384-Green-St-San-Francisco-CA-94109/2077435594_zpid/
"$2,975","545 Leavenworth St, San Francisco, CA 94109",https://www.zillow.com/homedetails/545-Leavenworth-St-San-Francisco-CA-94109/443929577_zpid/
"$2,150","(undisclosed Address), San Francisco, CA 94122",https://www.zillow.com/homedetails/San-Francisco-CA-94122/2099907232_zpid/
"$2,100","1875 Sacramento St #B, San Francisco, CA 94109",https://www.zillow.com/homedetails/1875-Sacramento-St-B-San-Francisco-CA-94109/2055468653_zpid/
"$2,750","1965 10th Ave #A, San Francisco, CA 94116",https://www.zillow.com/homedetails/1965-10th-Ave-A-San-Francisco-CA-94116/443594188_zpid/
"$2,990","473 Tehama St, San Francisco, CA 94103",https://www.zillow.com/homedetails/473-Tehama-St-San-Francisco-CA-94103/116156392_zpid/
"$2,895","410 Shrader St APT 2, San Francisco, CA 94117",https://www.zillow.com/homedetails/410-Shrader-St-APT-2-San-Francisco-CA-94117/2109490030_zpid/
"$2,800","3507 Mission St #1, San Francisco, CA 94110",https://www.zillow.com/homedetails/3507-Mission-St-1-San-Francisco-CA-94110/2082535226_zpid/
"$2,150","1575 Pine St APT 4, San Francisco, CA 94109",https://www.zillow.com/homedetails/1575-Pine-St-APT-4-San-Francisco-CA-94109/2056095706_zpid/
"$2,980","(undisclosed Address), San Francisco, CA 94112",https://www.zillow.com/homedetails/San-Francisco-CA-94112/15167583_zpid/
"$2,800","1471 48th Ave APT 1, San Francisco, CA 94122",https://www.zillow.com/homedetails/1471-48th-Ave-APT-1-San-Francisco-CA-94122/2116521682_zpid/
"$2,600","787 11th Ave APT 6, San Francisco, CA 94118",https://www.zillow.com/homedetails/787-11th-Ave-APT-6-San-Francisco-CA-94118/2083948916_zpid/
"$2,700","81 Landers St APT 2, San Francisco, CA 94114",https://www.zillow.com/homedetails/81-Landers-St-APT-2-San-Francisco-CA-94114/443939491_zpid/
"$2,500","526 Natoma St #B, San Francisco, CA 94103",https://www.zillow.com/homedetails/526-Natoma-St-B-San-Francisco-CA-94103/2079241697_zpid/
"$2,900","453 Union St, San Francisco, CA 94133",https://www.zillow.com/homedetails/453-Union-St-San-Francisco-CA-94133/2092412184_zpid/
"$2,590","1384-1386 Rhode Island St #C, San Francisco, CA 94107",https://www.zillow.com/homedetails/1384-1386-Rhode-Island-St-C-San-Francisco-CA-94107/440835721_zpid/
"$2,300","2519 23rd Ave #A, San Francisco, CA 94116",https://www.zillow.com/homedetails/2519-23rd-Ave-A-San-Francisco-CA-94116/2078483938_zpid/
"$2,000","7 Seminole Ave, San Francisco, CA 94112",https://www.zillow.com/homedetails/7-Seminole-Ave-San-Francisco-CA-94112/15188787_zpid/
"$2,300","2529 San Bruno Ave APT 5, San Francisco, CA 94134",https://www.zillow.com/homedetails/2529-San-Bruno-Ave-APT-5-San-Francisco-CA-94134/446010622_zpid/
"$2,595","3415 22nd St APT 2, San Francisco, CA 94110",https://www.zillow.com/homedetails/3415-22nd-St-APT-2-San-Francisco-CA-94110/439253270_zpid/
"$1,900","1200 Clay St #12, San Francisco, CA 94108",https://www.zillow.com/homedetails/1200-Clay-St-12-San-Francisco-CA-94108/2078649255_zpid/
"$2,395","737 Hyde St APT 102, San Francisco, CA 94109",https://www.zillow.com/homedetails/737-Hyde-St-APT-102-San-Francisco-CA-94109/2060620041_zpid/
"$2,800","3915 Irving St APT 2, San Francisco, CA 94122",https://www.zillow.com/homedetails/3915-Irving-St-APT-2-San-Francisco-CA-94122/2087877861_zpid/
"$2,100","34 Joice St APT 2, San Francisco, CA 94108",https://www.zillow.com/homedetails/34-Joice-St-APT-2-San-Francisco-CA-94108/2114549024_zpid/
"$3,000","4912 California St APT 1, San Francisco, CA 94118",https://www.zillow.com/homedetails/4912-California-St-APT-1-San-Francisco-CA-94118/2090119917_zpid/
"$2,200","1420 Jones St #14, San Francisco, CA 94109",https://www.zillow.com/homedetails/1420-Jones-St-14-San-Francisco-CA-94109/2080193916_zpid/
"$2,350","(undisclosed Address), San Francisco, CA 94112",https://www.zillow.com/homedetails/San-Francisco-CA-94112/15195386_zpid/
"$2,895","1288 Howard St #112, San Francisco, CA 94103",https://www.zillow.com/homedetails/1288-Howard-St-112-San-Francisco-CA-94103/338980130_zpid/
"$3,000","2840 Bryant St, San Francisco, CA 94110",https://www.zillow.com/homedetails/2840-Bryant-St-San-Francisco-CA-94110/332861268_zpid/
"$2,650","508 Octavia St APT 1, San Francisco, CA 94102",https://www.zillow.com/homedetails/508-Octavia-St-APT-1-San-Francisco-CA-94102/2124889112_zpid/
"$2,395","4345-4349 California St #C, San Francisco, CA 94118",https://www.zillow.com/homedetails/4345-4349-California-St-C-San-Francisco-CA-94118/446399794_zpid/
"$2,565","3 Windsor Pl, San Francisco, CA 94133",https://www.zillow.com/homedetails/3-Windsor-Pl-San-Francisco-CA-94133/2098625725_zpid/
"$2,495","3099 Market St #1, San Francisco, CA 94114",https://www.zillow.com/homedetails/3099-Market-St-1-San-Francisco-CA-94114/2078507752_zpid/
"$2,275","1299 California St APT 6, San Francisco, CA 94109",https://www.zillow.com/homedetails/1299-California-St-APT-6-San-Francisco-CA-94109/445923982_zpid/
"$2,900","(undisclosed Address), San Francisco, CA 94116",https://www.zillow.com/homedetails/San-Francisco-CA-94116/15126046_zpid/
"$3,000","520 8th Ave, San Francisco, CA 94118",https://www.zillow.com/homedetails/520-8th-Ave-San-Francisco-CA-94118/2096959538_zpid/
"$2,300","1470 California St, San Francisco, CA",https://www.zillow.com/b/1470-california-st-san-francisco-ca-5XrMxm/
"$2,799","30 Rausch St APT 5, San Francisco, CA 94103",https://www.zillow.com/homedetails/30-Rausch-St-APT-5-San-Francisco-CA-94103/445859944_zpid/
"$2,195","880 Vallejo St #2, San Francisco, CA 94133",https://www.zillow.com/homedetails/880-Vallejo-St-2-San-Francisco-CA-94133/372283607_zpid/
"$2,395","19B Homestead St #19B, San Francisco, CA 94114",https://www.zillow.com/homedetails/19B-Homestead-St-19B-San-Francisco-CA-94114/2056315569_zpid/
"$2,450","690 Monterey Blvd FLOOR 3, San Francisco, CA 94127",https://www.zillow.com/homedetails/690-Monterey-Blvd-FLOOR-3-San-Francisco-CA-94127/2068510561_zpid/
"$2,850","639 Lincoln Way, San Francisco, CA 94122",https://www.zillow.com/homedetails/639-Lincoln-Way-San-Francisco-CA-94122/2097995378_zpid/
"$2,995","140 Duboce, 140 Duboce Ave #101, San Francisco, CA 94103",https://www.zillow.com/apartments/san-francisco-ca/140-duboce/5j4BvT/
"$2,400","531 Belvedere St #2, San Francisco, CA 94117",https://www.zillow.com/homedetails/531-Belvedere-St-2-San-Francisco-CA-94117/2078321371_zpid/
"$1,700","215 Bridgeview Dr, San Francisco, CA 94124",https://www.zillow.com/homedetails/215-Bridgeview-Dr-San-Francisco-CA-94124/15156959_zpid/
"$2,500","29 Salmon St, San Francisco, CA 94133",https://www.zillow.com/homedetails/29-Salmon-St-San-Francisco-CA-94133/2078450155_zpid/
"$2,180","(undisclosed Address), San Francisco, CA 94122",https://www.zillow.com/homedetails/San-Francisco-CA-94122/446373469_zpid/
"$2,700","3024 Fulton St APT 2, San Francisco, CA 94118",https://www.zillow.com/homedetails/3024-Fulton-St-APT-2-San-Francisco-CA-94118/446246975_zpid/
"$2,800","35 Liebig St, San Francisco, CA 94112",https://www.zillow.com/homedetails/35-Liebig-St-San-Francisco-CA-94112/15195979_zpid/
"$2,300","769 Commercial St, San Francisco, CA 94108",https://www.zillow.com/homedetails/769-Commercial-St-San-Francisco-CA-94108/2083665050_zpid/
"$2,695","719 Larkin St UNIT 804, San Francisco, CA 94109",https://www.zillow.com/homedetails/719-Larkin-St-UNIT-804-San-Francisco-CA-94109/325647846_zpid/
"$2,295","1416 Grant Ave APT 1, San Francisco, CA 94133",https://www.zillow.com/homedetails/1416-Grant-Ave-APT-1-San-Francisco-CA-94133/2062991058_zpid/
"$2,500","259 Dolores St APT 2, San Francisco, CA 94103",https://www.zillow.com/homedetails/259-Dolores-St-APT-2-San-Francisco-CA-94103/2082193733_zpid/
"$2,302","551 Bryant St #824, San Francisco, CA 94107",https://www.zillow.com/homedetails/551-Bryant-St-824-San-Francisco-CA-94107/446833691_zpid/
"$2,500","3382C 22nd St, San Francisco, CA 94110",https://www.zillow.com/homedetails/3382C-22nd-St-San-Francisco-CA-94110/443139185_zpid/
"$2,100","51 Card Aly #53, San Francisco, CA 94133",https://www.zillow.com/homedetails/51-Card-Aly-53-San-Francisco-CA-94133/445951237_zpid/
"$2,675","271 19th Ave #8, San Francisco, CA 94121",https://www.zillow.com/homedetails/271-19th-Ave-8-San-Francisco-CA-94121/446684058_zpid/
"$2,395","666 Post St APT 202, San Francisco, CA 94109",https://www.zillow.com/homedetails/666-Post-St-APT-202-San-Francisco-CA-94109/63196381_zpid/
"$2,595","821 Leavenworth St, San Francisco, CA",https://www.zillow.com/b/821-leavenworth-st-san-francisco-ca-5drGxs/
"$2,600","920 Montgomery St APT 205, San Francisco, CA 94133",https://www.zillow.com/homedetails/920-Montgomery-St-APT-205-San-Francisco-CA-94133/2079142312_zpid/
"$2,995","134 Lexington St #4, San Francisco, CA 94110",https://www.zillow.com/homedetails/134-Lexington-St-4-San-Francisco-CA-94110/443264037_zpid/
"$2,950","1558 Howard St #B, San Francisco, CA 94103",https://www.zillow.com/homedetails/1558-Howard-St-B-San-Francisco-CA-94103/2095897652_zpid/
"$2,250","873 Greenwich St, San Francisco, CA 94133",https://www.zillow.com/homedetails/873-Greenwich-St-San-Francisco-CA-94133/2058999174_zpid/
"$2,600","775 5th Ave #2, San Francisco, CA 94118",https://www.zillow.com/homedetails/775-5th-Ave-2-San-Francisco-CA-94118/2066386251_zpid/
"$2,900","725 Pine St APT 301, San Francisco, CA 94108",https://www.zillow.com/homedetails/725-Pine-St-APT-301-San-Francisco-CA-94108/82785250_zpid/
"$2,250","825 Geary St, San Francisco, CA",https://www.zillow.com/b/825-geary-st-san-francisco-ca-5j4CDK/
"$2,850","4126 Pacheco St, San Francisco, CA 94116",https://www.zillow.com/homedetails/4126-Pacheco-St-San-Francisco-CA-94116/15113866_zpid/
"$3,000","2135 Sacramento St UNIT 25, San Francisco, CA 94109",https://www.zillow.com/homedetails/2135-Sacramento-St-UNIT-25-San-Francisco-CA-94109/446458778_zpid/
"$2,750","1158 Page St, San Francisco, CA 94117",https://www.zillow.com/homedetails/1158-Page-St-San-Francisco-CA-94117/2107597715_zpid/
"$2,995","2336 17th St, San Francisco, CA 94103",https://www.zillow.com/homedetails/2336-17th-St-San-Francisco-CA-94103/2088608933_zpid/
"$2,200","125 Lakeview Ave #B, San Francisco, CA 94112",https://www.zillow.com/homedetails/125-Lakeview-Ave-B-San-Francisco-CA-94112/2098507528_zpid/
"$2,695","200 Carl St #2, San Francisco, CA 94117",https://www.zillow.com/homedetails/200-Carl-St-2-San-Francisco-CA-94117/341683546_zpid/
"$2,995","457 10th Ave #222, San Francisco, CA 94118",https://www.zillow.com/homedetails/457-10th-Ave-222-San-Francisco-CA-94118/2077168146_zpid/
"$1,995","470 Justin Dr, San Francisco, CA 94112",https://www.zillow.com/homedetails/470-Justin-Dr-San-Francisco-CA-94112/15164970_zpid/
"$2,650","121 Broderick St APT 3, San Francisco, CA 94117",https://www.zillow.com/homedetails/121-Broderick-St-APT-3-San-Francisco-CA-94117/2062761457_zpid/
"$3,000","1460 Clay St #8A, San Francisco, CA 94109",https://www.zillow.com/homedetails/1460-Clay-St-8A-San-Francisco-CA-94109/442463574_zpid/
"$2,800","2875 Greenwich St APT 105, San Francisco, CA 94123",https://www.zillow.com/homedetails/2875-Greenwich-St-APT-105-San-Francisco-CA-94123/2082859998_zpid/
"$2,125","735 O'Farrell, 735 Ofarrell St #46, San Francisco, CA 94109",https://www.zillow.com/b/735-o'farrell-san-francisco-ca-5Xrsg8/
"$2,200","1020 Stockton St APT 304, San Francisco, CA 94108",https://www.zillow.com/homedetails/1020-Stockton-St-APT-304-San-Francisco-CA-94108/2084229201_zpid/
"$2,800","403 Randolph St #403, San Francisco, CA 94132",https://www.zillow.com/homedetails/403-Randolph-St-403-San-Francisco-CA-94132/443949809_zpid/
"$2,295","679 Portola Dr #J, San Francisco, CA 94127",https://www.zillow.com/homedetails/679-Portola-Dr-J-San-Francisco-CA-94127/441173876_zpid/
"$2,445","1424-1428 Polk St, San Francisco, CA",https://www.zillow.com/b/1424-polk-san-francisco-ca-9jhpkx/
"$2,420","1066 Stockton St #A, San Francisco, CA 94108",https://www.zillow.com/homedetails/1066-Stockton-St-A-San-Francisco-CA-94108/2076887959_zpid/
"$2,600","3648 Irving St #2, San Francisco, CA 94122",https://www.zillow.com/homedetails/3648-Irving-St-2-San-Francisco-CA-94122/2062995157_zpid/
"$2,990","15 Lapidge St, San Francisco, CA",https://www.zillow.com/b/15-lapidge-st-san-francisco-ca-9NKLY5/
"$3,000","5817 California St #2, San Francisco, CA 94121",https://www.zillow.com/homedetails/5817-California-St-2-San-Francisco-CA-94121/2055494918_zpid/
"$2,300","(undisclosed Address), San Francisco, CA 94121",https://www.zillow.com/homedetails/San-Francisco-CA-94121/441734059_zpid/
"$2,545","512 Frederick St APT 28, San Francisco, CA 94122",https://www.zillow.com/homedetails/512-Frederick-St-APT-28-San-Francisco-CA-94122/443678231_zpid/
"$2,495","2898 23rd St #2898, San Francisco, CA 94110",https://www.zillow.com/homedetails/2898-23rd-St-2898-San-Francisco-CA-94110/443189913_zpid/
"$2,295","1651 Market, 1651 Market St APT 403, San Francisco, CA 94103",https://www.zillow.com/b/1651-market-san-francisco-ca-5YsZhd/
"$2,500","1850 Fulton St APT 3, San Francisco, CA 94117",https://www.zillow.com/homedetails/1850-Fulton-St-APT-3-San-Francisco-CA-94117/442258005_zpid/
"$2,625","635 Ellis, 635 Ellis St #301, San Francisco, CA 94109",https://www.zillow.com/apartments/san-francisco-ca/635-ellis/5XsPsz/
"$2,300","(undisclosed Address), San Francisco, CA 94121",https://www.zillow.com/homedetails/San-Francisco-CA-94121/2067851423_zpid/
"$2,950","307 Vicksburg St, San Francisco, CA 94114",https://www.zillow.com/homedetails/307-Vicksburg-St-San-Francisco-CA-94114/2113297482_zpid/
"$2,400","643 Oak Street - 5, 643 Oak St, San Francisco, CA 94117",https://www.zillow.com/b/643-oak-street-3-san-francisco-ca-9NL7vq/
"$2,450","1475 18th Ave APT 1, San Francisco, CA 94122",https://www.zillow.com/homedetails/1475-18th-Ave-APT-1-San-Francisco-CA-94122/442322137_zpid/
"$1,674","151 Friedell St, San Francisco, CA",https://www.zillow.com/b/hunters-point-block-52-and-54-san-francisco-ca-BryqWD/
"$2,600","371 Waller St APT 8, San Francisco, CA 94117",https://www.zillow.com/homedetails/371-Waller-St-APT-8-San-Francisco-CA-94117/2112631463_zpid/
"$2,400","2937 San Bruno Ave APT 2, San Francisco, CA 94134",https://www.zillow.com/homedetails/2937-San-Bruno-Ave-APT-2-San-Francisco-CA-94134/440664898_zpid/
"$2,200","429 43rd Ave #5, San Francisco, CA 94121",https://www.zillow.com/homedetails/429-43rd-Ave-5-San-Francisco-CA-94121/440754833_zpid/
"$2,300","17A Russell St #A, San Francisco, CA 94109",https://www.zillow.com/homedetails/17A-Russell-St-A-San-Francisco-CA-94109/441771868_zpid/
"$2,650","1990 California St APT 7, San Francisco, CA 94109",https://www.zillow.com/homedetails/1990-California-St-APT-7-San-Francisco-CA-94109/441173607_zpid/
"$2,200","1235 Bay St #13, San Francisco, CA 94123",https://www.zillow.com/homedetails/1235-Bay-St-13-San-Francisco-CA-94123/444157412_zpid/
"$1,300","(undisclosed Address), San Francisco, CA 94132",https://www.zillow.com/homedetails/San-Francisco-CA-94132/15197226_zpid/
"$2,995","1401-1411 Clement Street, 1401-1411 Clement St #2, San Francisco, CA 94118",https://www.zillow.com/b/1401-1411-clement-street-san-francisco-ca-CjhQRd/
"$2,650","741 Filbert St, San Francisco, CA 94133",https://www.zillow.com/homedetails/741-Filbert-St-San-Francisco-CA-94133/15065616_zpid/
"$2,818","1501 Kirkwood Ave #4, San Francisco, CA 94124",https://www.zillow.com/homedetails/1501-Kirkwood-Ave-4-San-Francisco-CA-94124/402572759_zpid/
"$1,795","1235 Bush St, San Francisco, CA 94109",https://www.zillow.com/homedetails/1235-Bush-St-San-Francisco-CA-94109/2078208139_zpid/
"$2,850","404 12th Ave APT 7, San Francisco, CA 94118",https://www.zillow.com/homedetails/404-12th-Ave-APT-7-San-Francisco-CA-94118/370655280_zpid/
"$2,980","644 Taraval St, San Francisco, CA 94116",https://www.zillow.com/homedetails/644-Taraval-St-San-Francisco-CA-94116/2060734555_zpid/
"$2,795","2905-2911 Van Ness Avenue, 2905-2911 Van Ness Ave #406, San Francisco, CA 94109",https://www.zillow.com/apartments/san-francisco-ca/2905-2911-van-ness-avenue/C4gYf5/
"$2,095","885 Franklin St APT 204, San Francisco, CA 94102",https://www.zillow.com/homedetails/885-Franklin-St-APT-204-San-Francisco-CA-94102/400200093_zpid/
"$2,300","1101 Pine St, San Francisco, CA",https://www.zillow.com/b/1101-pine-st-san-francisco-ca-5XnLYF/
"$2,595","797 Bush St., 797 Bush St APT 304, San Francisco, CA 94108",https://www.zillow.com/b/797-bush-st.-san-francisco-ca-5Zsvs4/
"$1,695","174Turk, 174 Turk St APT 502, San Francisco, CA 94102",https://www.zillow.com/b/174turk-san-francisco-ca-9NJpt4/
"$1,995","765 Ofarrell St APT 4, San Francisco, CA 94109",https://www.zillow.com/homedetails/765-Ofarrell-St-APT-4-San-Francisco-CA-94109/2127253864_zpid/
"$3,000","(undisclosed Address), San Francisco, CA 94109",https://www.zillow.com/homedetails/San-Francisco-CA-94109/15069198_zpid/
"$2,495","24-28 Langton Street, 24-28 Langton St #28A, San Francisco, CA 94103",https://www.zillow.com/b/24-28-langton-street-san-francisco-ca-9pkggF/
"$1,300","319 Ivy St, San Francisco, CA",https://www.zillow.com/b/the-ivy-at-hayes-valley-413-san-francisco-ca-9NJqWD/
"$2,850","2025 Pine Street, 2025 Pine St APT 5, San Francisco, CA 94115",https://www.zillow.com/b/2025-pine-street-san-francisco-ca-5j4DGB/
"$2,595","2607A Bryant St, San Francisco, CA 94110",https://www.zillow.com/homedetails/2607A-Bryant-St-San-Francisco-CA-94110/2105769884_zpid/
"$3,000","Laguna Honda, 300 Laguna Honda Blvd APT 103, San Francisco, CA 94116",https://www.zillow.com/b/laguna-honda-san-francisco-ca-5j4ChV/
"$2,895","2347 Market St APT 1, San Francisco, CA 94114",https://www.zillow.com/homedetails/2347-Market-St-APT-1-San-Francisco-CA-94114/2116976734_zpid/
"$2,950","47 W Portal Ave APT 7, San Francisco, CA 94127",https://www.zillow.com/homedetails/47-W-Portal-Ave-APT-7-San-Francisco-CA-94127/2094311330_zpid/
"$2,800","1575 8th Ave APT 1, San Francisco, CA 94122",https://www.zillow.com/homedetails/1575-8th-Ave-APT-1-San-Francisco-CA-94122/2092766979_zpid/
"$2,195","1140 Pine St APT 21, San Francisco, CA 94109",https://www.zillow.com/homedetails/1140-Pine-St-APT-21-San-Francisco-CA-94109/2114710766_zpid/
"$2,695","449 Filbert St APT 1, San Francisco, CA 94133",https://www.zillow.com/homedetails/449-Filbert-St-APT-1-San-Francisco-CA-94133/2069212558_zpid/
"$2,286","568-570 Natoma Street - 570C, 570 Natoma St, San Francisco, CA 94103",https://www.zillow.com/b/568-570-natoma-street-570c-san-francisco-ca-9NJwtm/
"$2,950","321 23rd Ave APT 1, San Francisco, CA 94121",https://www.zillow.com/homedetails/321-23rd-Ave-APT-1-San-Francisco-CA-94121/347048273_zpid/
"$2,200","(undisclosed Address), San Francisco, CA 94133",https://www.zillow.com/homedetails/San-Francisco-CA-94133/445785082_zpid/
"$2,795","3532-3534 Sacramento Street, 3532-3534 Sacramento St #2, San Francisco, CA 94118",https://www.zillow.com/b/3532-3534-sacramento-street-san-francisco-ca-CBjMWX/
"$2,600","230 Lowell St APT 3, San Francisco, CA 94112",https://www.zillow.com/homedetails/230-Lowell-St-APT-3-San-Francisco-CA-94112/2084565170_zpid/
"$2,425","262 12th Ave UNIT 2, San Francisco, CA 94118",https://www.zillow.com/homedetails/262-12th-Ave-UNIT-2-San-Francisco-CA-94118/2069138537_zpid/
"$1,900","840 Geary St, San Francisco, CA",https://www.zillow.com/apartments/san-francisco-ca/840-geary-st/5dMpJK/
"$2,950","155 Paloma Ave, San Francisco, CA 94127",https://www.zillow.com/homedetails/155-Paloma-Ave-San-Francisco-CA-94127/15187006_zpid/
"$2,300","1140 Hyde Street, 1140 Hyde St #1A, San Francisco, CA 94109",https://www.zillow.com/b/1140-hyde-street-san-francisco-ca-9NKCRB/
"$2,450","301 DOR, 301 Dorado Ter #303, San Francisco, CA 94112",https://www.zillow.com/b/301-dor-san-francisco-ca-9NKbYT/
"$2,495","807-815 Ulloa Street, 807-815 Ulloa St #3, San Francisco, CA 94127",https://www.zillow.com/b/807-815-ulloa-street-san-francisco-ca-9pkjjR/
"$3,000","1610 Vallejo St #1, San Francisco, CA 94123",https://www.zillow.com/homedetails/1610-Vallejo-St-1-San-Francisco-CA-94123/2068933927_zpid/
"$2,400","380 Monterey Blvd APT 209, San Francisco, CA 94131",https://www.zillow.com/homedetails/380-Monterey-Blvd-APT-209-San-Francisco-CA-94131/15138635_zpid/
"$2,995","Leavenwrth940@4%, 940 Leavenworth St #1, San Francisco, CA 94109",https://www.zillow.com/b/leavenwrth940@4%25-san-francisco-ca-5bHqP7/
"$2,500","2949 Clement St #B, San Francisco, CA 94121",https://www.zillow.com/homedetails/2949-Clement-St-B-San-Francisco-CA-94121/2105891196_zpid/
"$2,450","67 Henry St APT 5, San Francisco, CA 94114",https://www.zillow.com/homedetails/67-Henry-St-APT-5-San-Francisco-CA-94114/2055188076_zpid/
"$2,320","1319 21st Ave APT 2, San Francisco, CA 94122",https://www.zillow.com/homedetails/1319-21st-Ave-APT-2-San-Francisco-CA-94122/2078977116_zpid/
"$2,195","841 Clay St #4, San Francisco, CA 94108",https://www.zillow.com/homedetails/841-Clay-St-4-San-Francisco-CA-94108/2059760374_zpid/
"$2,400","168, 1400 10th Ave APT 2, San Francisco, CA 94122",https://www.zillow.com/b/168-san-francisco-ca-9syfCp/
"$2,895","LYON, 644-678 Lyon St #650, San Francisco, CA 94117",https://www.zillow.com/b/lyon-san-francisco-ca-B633qH/
"$2,799","Remodeled 1 bedroom with in-unit washer/dryer, 99 WalkScore!, 257 San Jose Ave APT 2, San Francisco, CA 94110",https://www.zillow.com/b/257-san-jose-avenue-san-francisco-ca-9NKN9G/
"$2,299","623 Natoma St #625, San Francisco, CA 94103",https://www.zillow.com/homedetails/623-Natoma-St-625-San-Francisco-CA-94103/2076570570_zpid/
"$2,100","1133 Grant Ave APT 6, San Francisco, CA 94133",https://www.zillow.com/homedetails/1133-Grant-Ave-APT-6-San-Francisco-CA-94133/2068736417_zpid/
"$2,395","3421-3425 23rd Street, 3421-3425 23rd St #23, San Francisco, CA 94110",https://www.zillow.com/b/3421-3425-23rd-street-san-francisco-ca-9pkhPQ/
"$2,395","852 26th Ave #A, San Francisco, CA 94121",https://www.zillow.com/homedetails/852-26th-Ave-A-San-Francisco-CA-94121/2063281395_zpid/
"$2,995","1240 Grove St, San Francisco, CA",https://www.zillow.com/b/grove-1240-san-francisco-ca-5bKcyH/
"$2,200","(undisclosed Address), San Francisco, CA 94112",https://www.zillow.com/homedetails/San-Francisco-CA-94112/15178663_zpid/
"$2,195","GROVE 351, 351 Grove St #2, San Francisco, CA 94102",https://www.zillow.com/b/grove-351-san-francisco-ca-5bHptY/
"$2,295","122 Guerrero St APT 3, San Francisco, CA 94103",https://www.zillow.com/homedetails/122-Guerrero-St-APT-3-San-Francisco-CA-94103/440782879_zpid/
"$2,850","2805, 2805 Van Ness Ave #6, San Francisco, CA 94109",https://www.zillow.com/b/2805-san-francisco-ca-9NKHPw/
"$2,595","923 Eddy, 923 Eddy St #923/302, San Francisco, CA 94109",https://www.zillow.com/b/923-eddy-san-francisco-ca-5YBK9Y/
"$2,595","960 Market St #1123, San Francisco, CA 94102",https://www.zillow.com/homedetails/960-Market-St-1123-San-Francisco-CA-94102/440312349_zpid/
"$2,795","1086 Post St APT 304, San Francisco, CA 94109",https://www.zillow.com/homedetails/1086-Post-St-APT-304-San-Francisco-CA-94109/2117613471_zpid/
"$2,695","5330 Diamond Heights Blvd APT J105, San Francisco, CA 94131",https://www.zillow.com/homedetails/5330-Diamond-Heights-Blvd-APT-J105-San-Francisco-CA-94131/2104505571_zpid/
"$2,500","Anvil Arms, 2655 Pine St, San Francisco, CA 94115",https://www.zillow.com/b/anvil-arms-san-francisco-ca-5ZqFfJ/
"$2,695","Harrison, 976 Harrison St #976A, San Francisco, CA 94107",https://www.zillow.com/b/harrison-san-francisco-ca-9NK8hF/
"$2,250","761 Commercial St APT 2, San Francisco, CA 94108",https://www.zillow.com/homedetails/761-Commercial-St-APT-2-San-Francisco-CA-94108/2100016387_zpid/
"$2,850","385 7TH AVE, 385-391 7th Ave, San Francisco, CA 94118",https://www.zillow.com/b/385-7th-ave-san-francisco-ca-ChJTxG/
"$2,200","1885 9th Ave, San Francisco, CA 94122",https://www.zillow.com/homedetails/1885-9th-Ave-San-Francisco-CA-94122/348382771_zpid/
"$2,900","181-201 Franklin St, San Francisco, CA",https://www.zillow.com/b/franklin-street-apartments-san-francisco-ca-9h7mnv/
"$2,750","2411 Octavia Street, 2411 Octavia St #1, San Francisco, CA 94109",https://www.zillow.com/b/2411-octavia-street-san-francisco-ca-9NKHC7/
"$2,650","436-438 Tehama Street, 436-438 Tehama St, San Francisco, CA 94103",https://www.zillow.com/b/436-438-tehama-street-san-francisco-ca-9jJfrX/
"$2,900","1269 10th Ave, San Francisco, CA 94122",https://www.zillow.com/homedetails/1269-10th-Ave-San-Francisco-CA-94122/400820113_zpid/
"$1,495","81 9th St APT 606, San Francisco, CA 94103",https://www.zillow.com/homedetails/81-9th-St-APT-606-San-Francisco-CA-94103/442042074_zpid/
"$2,800","8200 Oceanview Ter #1, San Francisco, CA 94132",https://www.zillow.com/homedetails/8200-Oceanview-Ter-1-San-Francisco-CA-94132/2060539804_zpid/
"$2,350","444-446 Warren Drive, 444-446 Warren Dr, San Francisco, CA 94131",https://www.zillow.com/b/444-446-warren-drive-san-francisco-ca-9pkhqg/
"$2,695","1542 Baker St, San Francisco, CA 94115",https://www.zillow.com/homedetails/1542-Baker-St-San-Francisco-CA-94115/2090353385_zpid/
"$2,795","235 Valencia Street, 235 Valencia St #303, San Francisco, CA 94103",https://www.zillow.com/apartments/san-francisco-ca/235-valencia-street/9NJvTQ/
"$2,895","Bryant Terrace, 2230-2240 Bryant St, San Francisco, CA 94110",https://www.zillow.com/apartments/san-francisco-ca/bryant-terrace/ChVPW9/
"$2,495","The Bushwick Apartments, 800 Bush St, San Francisco, CA 94108",https://www.zillow.com/apartments/san-francisco-ca/the-bushwick-apartments/CjfLHZ/
"$2,895","1300 26th Avenue, 1300 26th Ave APT 601, San Francisco, CA 94122",https://www.zillow.com/apartments/san-francisco-ca/1300-26th-avenue/5YD3q8/
"$2,900","Kaitlin Court, 887 Bush St, San Francisco, CA 94108",https://www.zillow.com/apartments/san-francisco-ca/kaitlin-court/ChfJcx/
"$3,000","Presidio Washington Apartments, 3299 Washington St, San Francisco, CA 94115",https://www.zillow.com/apartments/san-francisco-ca/presidio-washington-apartments/5Z93Vm/
"$2,295","1010 Hyde St.,, 1010 Hyde St APT 403, San Francisco, CA 94109",https://www.zillow.com/apartments/san-francisco-ca/1010-hyde-st.-/9NKC4c/
"$2,295","895 Sutter St, 895 Sutter St, San Francisco, CA 94109",https://www.zillow.com/apartments/san-francisco-ca/895-sutter-st/5bBqyf/
"$2,400","640 Mason, 640 Mason St, San Francisco, CA 94108",https://www.zillow.com/apartments/san-francisco-ca/640-mason/CjfJWh/
"$2,000","The Elizabeth, 642 Jones St, San Francisco, CA 94102",https://www.zillow.com/apartments/san-francisco-ca/the-elizabeth/5YLFPn/
"$2,500","Post Arms, 839 Post St, San Francisco, CA 94109",https://www.zillow.com/apartments/san-francisco-ca/post-arms/5XjT2Y/
"$2,945","3440 20th Street, 3440 20th St APT 105, San Francisco, CA 94110",https://www.zillow.com/apartments/san-francisco-ca/3440-20th-street/5XsQ58/
"$2,500","10 Lupine, 10 Lupine Ave, San Francisco, CA 94118",https://www.zillow.com/apartments/san-francisco-ca/10-lupine/ChZ3MK/
"$2,495","925 Jones Street Apartments, 925 Jones St #302, San Francisco, CA 94109",https://www.zillow.com/apartments/san-francisco-ca/925-jones-street-apartments/9NKJSV/
"$2,300","Fillmore & Golden Gate Associates, 1300 Golden Gate Ave, San Francisco, CA 94115",https://www.zillow.com/apartments/san-francisco-ca/fillmore-and-golden-gate-associates/Chqwtb/
